{"timestamp":132837701864107420,"bundleExtension":"","version":1,"binaryVersion":{"name":"arts.bin","file":"arts_v1_23db428263bf067f3a1dac316c5e519b.bin","size":11211119,"hash":"23db428263bf067f3a1dac316c5e519b"},"dirs":["Assets/xasset/Example/Arts/Prefabs","Assets/xasset/Example/Arts/Prefabs/Preload","Assets/xasset/Example/Arts/Animations","Assets/xasset/Example/Arts/Scenes","Assets/xasset/Example/Arts/Shaders","Assets/xasset/Example/Arts/Textures/Bgs","Assets/xasset/Example/Arts/Textures/Borders/Basic","Assets/xasset/Example/Arts/Textures/Borders","Assets/xasset/Example/Arts/Textures","Assets/xasset/Example/Arts/Fonts"],"assets":[{"id":0,"dir":0,"name":"Children.prefab","deps":[1,32],"bundle":0},{"id":1,"dir":0,"name":"Children2.prefab","deps":[0,32],"bundle":0},{"id":2,"dir":0,"name":"Plane.prefab","deps":[],"bundle":0},{"id":3,"dir":1,"name":"Copyright.prefab","deps":[32],"bundle":0},{"id":4,"dir":1,"name":"LoadingScreen.prefab","deps":[20,18,17,32,21],"bundle":0},{"id":5,"dir":1,"name":"MessageBox.prefab","deps":[20,18,17,32,6,23,29,7],"bundle":0},{"id":6,"dir":2,"name":"MessageBox.controller","deps":[7],"bundle":0},{"id":7,"dir":2,"name":"MessageBox.anim","deps":[],"bundle":0},{"id":8,"dir":3,"name":"Additive.unity","deps":[32,3],"bundle":1},{"id":9,"dir":3,"name":"Additive2.unity","deps":[2,32,3],"bundle":2},{"id":10,"dir":3,"name":"Async2Sync.unity","deps":[20,32,3],"bundle":3},{"id":11,"dir":3,"name":"CheckUpdate.unity","deps":[20,19,32,33,3,34],"bundle":4},{"id":12,"dir":3,"name":"Childrens.unity","deps":[32,3],"bundle":5},{"id":13,"dir":3,"name":"Download.unity","deps":[32,3],"bundle":6},{"id":14,"dir":3,"name":"GetDownloadSize.unity","deps":[32,3],"bundle":7},{"id":15,"dir":3,"name":"Menu.unity","deps":[20,19,32,3,29],"bundle":8},{"id":16,"dir":3,"name":"Splash.unity","deps":[31,35,32,3,36],"bundle":9},{"id":17,"dir":4,"name":"SimpleGrabPassBlur.shader","deps":[],"bundle":10},{"id":18,"dir":4,"name":"UIBlur.mat","deps":[17],"bundle":10},{"id":19,"dir":5,"name":"Grids.jpg","deps":[],"bundle":11},{"id":20,"dir":6,"name":"Basic Filled 10px.png","deps":[],"bundle":12},{"id":21,"dir":6,"name":"Basic Outline 10px - Stroke 4px.png","deps":[],"bundle":12},{"id":22,"dir":6,"name":"Basic Outline 10px - Stroke 5px.png","deps":[],"bundle":12},{"id":23,"dir":6,"name":"Basic Outline 10px - Stroke 8px.png","deps":[],"bundle":12},{"id":24,"dir":6,"name":"Basic Outline 10px - Stroke 10px.png","deps":[],"bundle":12},{"id":25,"dir":6,"name":"Basic Outline 10px - Stroke 12px.png","deps":[],"bundle":12},{"id":26,"dir":6,"name":"Basic Outline 10px - Stroke 14px.png","deps":[],"bundle":12},{"id":27,"dir":6,"name":"Basic Outline 10px - Stroke 16px.png","deps":[],"bundle":12},{"id":28,"dir":6,"name":"Basic Outline 10px - Stroke 18px.png","deps":[],"bundle":12},{"id":29,"dir":6,"name":"Basic Outline 10px - Stroke 20px.png","deps":[],"bundle":12},{"id":30,"dir":7,"name":"Circle Outline 64px - Stroke 5px.png","deps":[],"bundle":13},{"id":31,"dir":8,"name":"Logo.png","deps":[],"bundle":14},{"id":32,"dir":9,"name":"Microsoft YaHei.ttf","deps":[],"bundle":15},{"id":33,"dir":2,"name":"StartUpdate.anim","deps":[],"bundle":16},{"id":34,"dir":2,"name":"StartUpdate.controller","deps":[33],"bundle":16},{"id":35,"dir":2,"name":"SplashScreen.controller","deps":[36],"bundle":17},{"id":36,"dir":2,"name":"SplashScreen.anim","deps":[],"bundle":17}],"bundles":[{"id":0,"name":"prefabs","size":71001,"hash":"2d885213cb975a01359b04b7b35bd443","deps":[15,10,12]},{"id":1,"name":"scenes_additive_unity","size":67013,"hash":"d6873e1f9e0bd6b6b488a386175bedb1","deps":[15,0,10,12]},{"id":2,"name":"scenes_additive2_unity","size":108131,"hash":"249c665d9f739cd9c41296a87fb1ca6f","deps":[15,0,10,12]},{"id":3,"name":"scenes_async2sync_unity","size":67980,"hash":"18bf0d890ea108bd4521d9079aa664cb","deps":[15,0,10,12]},{"id":4,"name":"scenes_checkupdate_unity","size":13007,"hash":"066a80ae098e91eb1f3b807c8fec3372","deps":[15,16,0,10,11,12]},{"id":5,"name":"scenes_childrens_unity","size":67085,"hash":"2aa92fcee009157bc71a1de3e0fc9701","deps":[15,0,10,12]},{"id":6,"name":"scenes_download_unity","size":66895,"hash":"091e6faceffe0fc0be4d731e6e50de4f","deps":[15,0,10,12]},{"id":7,"name":"scenes_getdownloadsize_unity","size":66905,"hash":"9c6e8852763bcb021415b481b3d2a1c5","deps":[15,0,10,12]},{"id":8,"name":"scenes_menu_unity","size":71083,"hash":"a89e473aed55ccb85ce5bec1b0a96712","deps":[15,0,10,11,12]},{"id":9,"name":"scenes_splash_unity","size":65790,"hash":"8f974fec972dc6479b99f87c8a518e43","deps":[15,17,0,10,14,12]},{"id":10,"name":"shaders","size":14058,"hash":"4db702ad7bdd9129889a16e80448ff31","deps":[]},{"id":11,"name":"textures_bgs","size":302874,"hash":"2be45ca30fbb8b8c4344bba7deb34228","deps":[]},{"id":12,"name":"textures_borders_basic","size":10900,"hash":"144fc0a5b44f9bb7b0ff9a8fb964641d","deps":[]},{"id":13,"name":"textures_borders","size":6991,"hash":"c96e6704577b18a5085780fa6bc8c074","deps":[]},{"id":14,"name":"textures","size":52855,"hash":"5800895df75eea6a884c486eaa200a80","deps":[]},{"id":15,"name":"auto_4cd89dac8ac9087548f3bc80d23c74d7","size":10137699,"hash":"202bbf646ad17d66b93aa14b54e491a6","deps":[]},{"id":16,"name":"auto_scenes_checkupdate_unity","size":9095,"hash":"1b04536ea4b99137a8c920cf786e09ef","deps":[]},{"id":17,"name":"auto_scenes_splash_unity","size":9671,"hash":"dee887c6bbc7b0b9888328b04d364e02","deps":[]}]}